# The countries and the names they go by, for the place keys of the catalogue (design note 008 §5.1).
# Made by `cargo run -p auroraw-places --example country-names` from Natural Earth 5.1.2
# (ne_10m_admin_0_countries, public domain) and the aliases of that example. Do not edit by hand.
# Columns, separated by tabs: ISO 3166-1 alpha-2, alpha-3, then the names.
AD	AND	Andorra	Andorre	Principality of Andorra
AE	ARE	Emirados Árabes Unidos	Emirati Arabi Uniti	Emiratos Árabes Unidos	United Arab Emirates	Vereinigte Arabische Emirate	Verenigde Arabische Emiraten	Émirats arabes unis
AF	AFG	Afeganistão	Afganistán	Afghanistan	Islamic State of Afghanistan
AG	ATG	Antigua and Barb.	Antigua and Barbuda	Antigua e Barbuda	Antigua en Barbuda	Antigua und Barbuda	Antigua y Barbuda	Antigua-et-Barbuda	Antígua e Barbuda
AI	AIA	Anguila	Anguilla
AL	ALB	Albania	Albanie	Albanien	Albanië	Albânia	Republic of Albania
AM	ARM	Armenia	Armenien	Armenië	Arménia	Arménie	Republic of Armenia
AO	AGO	Angola	People's Republic of Angola
AQ	ATA	Antarctica	Antarctique	Antarktika	Antartide	Antártida
AR	ARG	Argentina	Argentine	Argentine Republic	Argentinien	Argentinië
AS	ASM	American Samoa	Amerikaans-Samoa	Amerikanisch-Samoa	Samoa Americana	Samoa Americane	Samoa Estadounidense	Samoa américaines
AT	AUT	Austria	Autriche	Oostenrijk	Republic of Austria	Áustria	Österreich
AU	AUS	Ashmore and Cartier Is.	Ashmore and Cartier Islands	Ashmore- en Cartiereilanden	Ashmore- und Cartierinseln	Australia	Australian Indian Ocean Territories	Australie	Australien	Australische Territorien im Indischen Ozean	Australische territoria van de Indische Oceaan	Australië	Austrália	Commonwealth of Australia	Coral Sea Is.	Coral Sea Islands	Coral Sea Islands Territory	Ilhas Ashmore e Cartier	Ilhas do Mar de Coral	Indian Ocean Ter.	Indian Ocean Territories	Islas Ashmore y Cartier	Isole Ashmore e Cartier	Isole del Mar dei Coralli	Koraalzee-eilanden	Korallenmeerinseln	Territoires extérieurs australiens de l'Océan Indien	Territorios Australianos del Océano Índico	Territory of Ashmore and Cartier Islands	Territórios australianos do Oceano Índico	islas del mar del Coral	Îles Ashmore-et-Cartier	Îles de la mer de Corail
AW	ABW	Aruba
AX	ALA	Aland	Isole Åland	Åland	Åland Islands
AZ	AZE	Aserbaidschan	Azerbaigian	Azerbaijan	Azerbaijão	Azerbaiyán	Azerbaïdjan	Azerbeidzjan	Republic of Azerbaijan
BA	BIH	Bosnia and Herz.	Bosnia and Herzegovina	Bosnia ed Erzegovina	Bosnia y Herzegovina	Bosnie-Herzégovine	Bosnien und Herzegowina	Bosnië en Herzegovina	Bósnia e Herzegovina
BB	BRB	Barbade	Barbados
BD	BGD	Bangladesch	Bangladesh	Bangladés	People's Republic of Bangladesh
BE	BEL	Belgien	Belgio	Belgique	Belgium	België	Bélgica	Kingdom of Belgium
BF	BFA	Burkina Faso
BG	BGR	Bulgaria	Bulgarie	Bulgarien	Bulgarije	Bulgária	Republic of Bulgaria
BH	BHR	Bahrain	Bahrein	Bahreïn	Baréin	Kingdom of Bahrain
BI	BDI	Burundi	Republic of Burundi
BJ	BEN	Benim	Benin	Benín	Bénin	Republic of Benin
BL	BLM	Coletividade de São Bartolomeu	Saint Barthelemy	Saint Barthélemy	Saint-Barthélemy	San Bartolomé	St-Barthélemy
BM	BMU	Bermuda	Bermudas	Bermudes	The Bermudas or Somers Isles
BN	BRN	Brunei	Brunei Darussalam	Brunéi	Negara Brunei Darussalam
BO	BOL	Bolivia	Bolivie	Bolivien	Bolívia	Plurinational State of Bolivia
BR	BRA	Brasil	Brasile	Brasilien	Brazil	Brazilian I.	Brazilian Island	Brazilië	Brésil	Federative Republic of Brazil	Ilha Brasileira	Isla Brasilera	Isola brasiliana
BS	BHS	Bahama's	Bahamas	Commonwealth of the Bahamas	The Bahamas
BT	BTN	Bhoutan	Bhutan	Bután	Butão	Kingdom of Bhutan
BW	BWA	Botsuana	Botswana	Republic of Botswana
BY	BLR	Belarus	Bielorrusia	Bielorrússia	Bielorussia	Biélorussie	Republic of Belarus	Wit-Rusland
BZ	BLZ	Belice	Belize
CA	CAN	Canada	Canadá	Kanada
CD	COD	Congo-Kinshasa	DR Congo	DRC	Dem. Rep. Congo	Democratic Republic of Congo	Democratic Republic of the Congo	Demokratische Republik Kongo	Repubblica Democratica del Congo	República Democrática del Congo	República Democrática do Congo	République démocratique du Congo
CF	CAF	Centraal-Afrikaanse Republiek	Central African Rep.	Central African Republic	Repubblica Centrafricana	República Centro-Africana	República Centroafricana	République centrafricaine	Zentralafrikanische Republik
CG	COG	Congo-Brazzaville	Repubblica del Congo	Republic of Congo	Republic of the Congo	Republik Kongo	República del Congo	República do Congo	République du Congo
CH	CHE	Schweiz	Suisse	Suiza	Suíça	Svizzera	Swiss Confederation	Switzerland	Zwitserland
CI	CIV	Costa d'Avorio	Costa de Marfil	Costa do Marfim	Côte d'Ivoire	Elfenbeinküste	Ivoorkust	Ivory Coast	Republic of Cote D'Ivoire	Republic of Ivory Coast
CK	COK	Cook Is.	Cook Islands	Cookeilanden	Cookinseln	Ilhas Cook	Islas Cook	Isole Cook	Îles Cook
CL	CHL	Chile	Chili	Cile	Republic of Chile
CM	CMR	Camarões	Cameroon	Cameroun	Camerun	Camerún	Kameroen	Kamerun	Republic of Cameroon
CN	CHN	China	Cina	People's Republic of China	République populaire de Chine	Volksrepubliek China	Volksrepublik China
CO	COL	Colombia	Colombie	Colômbia	Kolumbien	Republic of Colombia
CR	CRI	Costa Rica	Republic of Costa Rica
CU	CUB	Cuba	Kuba	Republic of Cuba
CV	CPV	Cabo Verde	Cap-Vert	Cape Verde	Capo Verde	Kaapverdië	Kap Verde	Republic of Cabo Verde
CW	CUW	Curazao	Curaçao
CY	CYP	Chipre	Chypre	Cipro	Cyprus	Republic of Cyprus	Republik Zypern
CZ	CZE	Chéquia	Czech Republic	Czechia	Repubblica Ceca	República Checa	Tchéquie	Tschechien	Tsjechië	la République tchèque
DE	DEU	Alemanha	Alemania	Allemagne	Deutschland	Duitsland	Federal Republic of Germany	Germania	Germany
DJ	DJI	Djibouti	Dschibuti	Gibuti	Republic of Djibouti	Yibuti
DK	DNK	Danemark	Danimarca	Denemarken	Denmark	Dinamarca	Dänemark	Kingdom of Denmark
DM	DMA	Commonwealth of Dominica	Dominica	Dominique
DO	DOM	Dominicaanse Republiek	Dominican Rep.	Dominican Republic	Dominikanische Republik	Repubblica Dominicana	República Dominicana	République dominicaine
DZ	DZA	Algeria	Algerien	Algerije	Algérie	Argelia	Argélia	People's Democratic Republic of Algeria
EC	ECU	Ecuador	Equador	Republic of Ecuador	Équateur
EE	EST	Estland	Estonia	Estonie	Estónia	Republic of Estonia
EG	EGY	Arab Republic of Egypt	Egipto	Egito	Egitto	Egypt	Egypte	Ägypten	Égypte
EH	ESH	Sahara Occidental	Sahara Occidentale	Sahara occidental	Sahrawi Arab Democratic Republic	Sara Ocidental	W. Sahara	Westelijke Sahara	Western Sahara	Westsahara
ER	ERI	Eritrea	Eritreia	State of Eritrea	Érythrée
ES	ESP	Espagne	Espanha	España	Kingdom of Spain	Spagna	Spain	Spanien	Spanje
ET	ETH	Ethiopia	Ethiopië	Etiopia	Etiopía	Etiópia	Federal Democratic Republic of Ethiopia	Äthiopien	Éthiopie
FI	FIN	Finland	Finlande	Finlandia	Finlândia	Finnland	Republic of Finland
FJ	FJI	Fidji	Fidschi	Figi	Fiji	Fiyi	Republic of Fiji
FK	FLK	Falkland Is.	Falkland Islands	Falkland Islands / Malvinas	Falklandeilanden	Falklandinseln	Ilhas Malvinas	Islas Malvinas	Isole Falkland	îles Malouines
FM	FSM	Estados Federados de Micronesia	Federated States of Micronesia	Föderierte Staaten von Mikronesien	Micronesia	Micronésia	Stati Federati di Micronesia	États fédérés de Micronésie
FO	FRO	Faeroe Is.	Faeroe Islands	Faeröer	Faroe Islands	Färöer	Fær Øer	Føroyar Is. (Faeroe Is.)	Ilhas Feroe	Islas Feroe	îles Féroé
FR	FRA	Clipperton	Clipperton I.	Clipperton Island	Clipperton-Insel	France	Francia	Frankreich	Frankrijk	França	French Republic	Ilha de Clipperton	Isla Clipperton	République française	île Clipperton
GA	GAB	Gabon	Gabonese Republic	Gabun	Gabão	Gabón
GB	GBR	Britain	Great Britain	Regno Unito	Reino Unido	Royaume-Uni	U.K.	UK	United Kingdom	United Kingdom of Great Britain and Northern Ireland	Vereinigtes Königreich	Verenigd Koninkrijk
GD	GRD	Granada	Grenada	Grenade
GE	GEO	Georgia	Georgien	Georgië	Geórgia	Géorgie
GG	GGY	Bailiwick of Guernsey	Guernesey	Guernsey
GH	GHA	Gana	Ghana	Republic of Ghana
GI	GIB	Gibilterra	Gibraltar
GL	GRL	Greenland	Groenland	Groenlandia	Groenlândia	Grönland
GM	GMB	Gambia	Gambie	Gâmbia	Republic of the Gambia	The Gambia
GN	GIN	Guinea	Guinee	Guiné	Guinée	Republic of Guinea
GQ	GNQ	Eq. Guinea	Equatoriaal-Guinea	Equatorial Guinea	Guinea Ecuatorial	Guinea Equatoriale	Guiné Equatorial	Guinée équatoriale	Republic of Equatorial Guinea	Äquatorialguinea
GR	GRC	Grecia	Greece	Griechenland	Griekenland	Grèce	Grécia	Hellenic Republic
GS	SGS	Georgia del Sud e isole Sandwich meridionali	Géorgie du Sud-et-les Îles Sandwich du Sud	Ilhas Geórgia do Sul e Sandwich do Sul	Islas Georgias del Sur y Sandwich del Sur	S. Geo. and the Is.	South Georgia and the Islands	South Georgia and the South Sandwich Islands	Südgeorgien und die Südlichen Sandwichinseln	Zuid-Georgia en de Zuidelijke Sandwicheilanden
GT	GTM	Guatemala	Republic of Guatemala
GU	GUM	Guam	Territory of Guam
GW	GNB	Guinea-Bissau	Guinea-Bisáu	Guinee-Bissau	Guiné-Bissau	Guinée-Bissau	Republic of Guinea-Bissau
GY	GUY	Co-operative Republic of Guyana	Guiana	Guyana
HK	HKG	Hong Kong	Hong Kong S.A.R.	Hong Kong Special Administrative Region, PRC	Hongkong
HM	HMD	Heard I. and McDonald Is.	Heard I. and McDonald Islands	Heard Island and McDonald Islands	Heard en McDonaldeilanden	Heard und McDonaldinseln	Ilha Heard e Ilhas McDonald	Islas Heard y McDonald	Isole Heard e McDonald	Territory of Heard Island and McDonald Islands	îles Heard-et-MacDonald
HN	HND	Honduras	Republic of Honduras
HR	HRV	Croacia	Croatia	Croatie	Croazia	Croácia	Kroatien	Kroatië	Republic of Croatia
HT	HTI	Haiti	Haití	Haïti	Republic of Haiti
HU	HUN	Hongarije	Hongrie	Hungary	Hungria	Hungría	Republic of Hungary	Ungarn	Ungheria
ID	IDN	Indonesia	Indonesien	Indonesië	Indonésia	Indonésie	Republic of Indonesia
IE	IRL	Ierland	Ireland	Irland	Irlanda	Irlande	República da Irlanda
IL	ISR	Israel	Israele	Israël	State of Israel
IM	IMN	Ilha de Man	Isla de Man	Isle of Man	Isola di Man	Man	île de Man
IN	IND	Inde	India	Indien	Republic of India	Índia
IO	IOT	Br. Indian Ocean Ter.	Britisches Territorium im Indischen Ozean	British Indian Ocean Territory	Brits Indische Oceaanterritorium	Territoire britannique de l’océan Indien	Territorio Británico del Océano Índico	Territorio britannico dell'oceano Indiano	Território Britânico do Oceano Índico
IQ	IRQ	Irak	Iraq	Iraque	Republic of Iraq
IR	IRN	Iran	Irán	Irão	Islamic Republic of Iran
IS	ISL	IJsland	Iceland	Island	Islanda	Islande	Islandia	Islândia	Republic of Iceland
IT	ITA	Italia	Italian Republic	Italie	Italien	Italië	Italy	Itália
JE	JEY	Bailiwick of Jersey	Jersey	baliato di Jersey
JM	JAM	Giamaica	Jamaica	Jamaika	Jamaïque
JO	JOR	Giordania	Hashemite Kingdom of Jordan	Jordan	Jordania	Jordanie	Jordanien	Jordanië	Jordânia
JP	JPN	Giappone	Japan	Japon	Japão	Japón
KE	KEN	Kenia	Kenya	Quénia	Republic of Kenya
KG	KGZ	Kirghizistan	Kirgisistan	Kirgizië	Kirguistán	Kyrgyz Republic	Kyrgyzstan	Quirguistão
KH	KHM	Cambodge	Cambodia	Cambodja	Cambogia	Camboja	Camboya	Kambodscha	Kingdom of Cambodia
KI	KIR	Kiribati	Republic of Kiribati
KM	COM	Comoras	Comore	Comoren	Comores	Comoros	Komoren	Union of the Comoros
KN	KNA	Federation of Saint Kitts and Nevis	Saint Kitts and Nevis	Saint Kitts e Nevis	Saint Kitts en Nevis	Saint-Christophe-et-Niévès	San Cristóbal y Nieves	St. Kitts and Nevis	St. Kitts und Nevis	São Cristóvão e Nevis
KP	PRK	Corea del Nord	Corea del Norte	Coreia do Norte	Corée du Nord	Dem. Rep. Korea	Democratic People's Republic of Korea	Noord-Korea	Nordkorea	North Korea
KR	KOR	Corea del Sud	Corea del Sur	Coreia do Sul	Corée du Sud	Republic of Korea	South Korea	Südkorea	Zuid-Korea
KW	KWT	Koeweit	Koweït	Kuwait	State of Kuwait
KY	CYM	Cayman Is.	Cayman Islands	Ilhas Caimão	Islas Caimán	Isole Cayman	Kaaimaneilanden	îles Caïmans
KZ	KAZ	Baikonur	Baikonur Cosmodrome	Bajkonoer	Baykonur	Baykonur Cosmodrome	Bayqoñyr	Baïkonour	Cazaquistão	Kasachstan	Kazachstan	Kazajistán	Kazakhstan	Kazakistan	Republic of Kazakhstan
LA	LAO	Lao PDR	Lao People's Democratic Republic	Laos
LB	LBN	Lebanese Republic	Lebanon	Liban	Libano	Libanon	Líbano
LC	LCA	Saint Lucia	Sainte-Lucie	Santa Lucía	Santa Lúcia	St. Lucia
LI	LIE	Liechtenstein	Principality of Liechtenstein
LK	LKA	Democratic Socialist Republic of Sri Lanka	Sri Lanka
LR	LBR	Liberia	Libéria	Republic of Liberia
LS	LSO	Kingdom of Lesotho	Lesotho	Lesoto
LT	LTU	Litauen	Lithuania	Litouwen	Lituania	Lituanie	Lituânia	Republic of Lithuania
LU	LUX	Grand Duchy of Luxembourg	Lussemburgo	Luxembourg	Luxemburg	Luxemburgo
LV	LVA	Latvia	Letland	Letonia	Lettland	Lettonia	Lettonie	Letónia	Republic of Latvia
LY	LBY	Libia	Libië	Libya	Libye	Libyen	Líbia
MA	MAR	Kingdom of Morocco	Maroc	Marocco	Marokko	Marrocos	Marruecos	Morocco
MC	MCO	Monaco	Mónaco	Principality of Monaco	Principato di Monaco
MD	MDA	Moldavia	Moldavie	Moldavië	Moldova	Moldávia	Republic of Moldova	Republik Moldau
ME	MNE	Montenegro	Monténégro
MF	MAF	Saint Martin	Saint-Martin	Saint-Martin (French part)	San Martín	Sint-Maarten	St-Martin	São Martinho
MG	MDG	Madagascar	Madagaskar	Madagáscar	Republic of Madagascar
MH	MHL	Ilhas Marshall	Islas Marshall	Isole Marshall	Marshall Is.	Marshall Islands	Marshalleilanden	Marshallinseln	Republic of the Marshall Islands	Îles Marshall
MK	MKD	Macedonia	Macedonia del Nord	Macedonia del Norte	Macedónia do Norte	Macédoine du Nord	Noord-Macedonië	Nordmazedonien	North Macedonia	Republic of North Macedonia
ML	MLI	Mali	Malí	Republic of Mali
MM	MMR	Birmania	Birmanie	Burma	Myanmar	Republic of the Union of Myanmar
MN	MNG	Mongolei	Mongolia	Mongolie	Mongolië	Mongólia
MO	MAC	Macao	Macao S.A.R	Macao Special Administrative Region, PRC	Macau
MP	MNP	Commonwealth of the Northern Mariana Islands	Ilhas Marianas do Norte	Islas Marianas del Norte	Isole Marianne Settentrionali	N. Mariana Is.	Noordelijke Marianen	Northern Mariana Islands	Nördliche Marianen	îles Mariannes du Nord
MR	MRT	Islamic Republic of Mauritania	Mauretanien	Mauritania	Mauritanie	Mauritanië	Mauritânia
MS	MSR	Montserrat
MT	MLT	Malta	Malte	Republic of Malta
MU	MUS	Maurice	Mauricio	Mauritius	Maurícia	Republic of Mauritius
MV	MDV	Maldivas	Maldive	Maldiven	Maldives	Malediven	Republic of Maldives
MW	MWI	Malaui	Malawi	Republic of Malawi
MX	MEX	Messico	Mexico	Mexiko	Mexique	México	United Mexican States
MY	MYS	Malaisie	Malasia	Malaysia	Maleisië	Malásia
MZ	MOZ	Mosambik	Mozambico	Mozambique	Moçambique	Republic of Mozambique
NA	NAM	Namibia	Namibie	Namibië	Namíbia	Republic of Namibia
NC	NCL	Neukaledonien	New Caledonia	Nieuw-Caledonië	Nouvelle-Calédonie	Nova Caledónia	Nueva Caledonia	Nuova Caledonia
NE	NER	Niger	Níger	Republic of Niger
NF	NFK	Ilha Norfolk	Isla Norfolk	Isola Norfolk	Norfolk	Norfolk Island	Norfolkinsel	Territory of Norfolk Island	Île Norfolk
NG	NGA	Federal Republic of Nigeria	Nigeria	Nigéria
NI	NIC	Nicaragua	Nicarágua	Republic of Nicaragua
NL	NLD	Holland	Kingdom of the Netherlands	Nederland	Netherlands	Niederlande	Paesi Bassi	Pays-Bas	Países Baixos	Países Bajos	The Netherlands
NO	NOR	Kingdom of Norway	Noorwegen	Noruega	Norvegia	Norvège	Norway	Norwegen
NP	NPL	Nepal	Népal
NR	NRU	Nauru	Republic of Nauru
NU	NIU	Niue
NZ	NZL	Neuseeland	New Zealand	Nieuw-Zeeland	Nouvelle-Zélande	Nova Zelândia	Nueva Zelanda	Nuova Zelanda
OM	OMN	Oman	Omán	Omã	Sultanate of Oman
PA	PAN	Panama	Panamá	Republic of Panama
PE	PER	Peru	Perù	Perú	Pérou	Republic of Peru
PF	PYF	Fr. Polynesia	Frans-Polynesië	Französisch-Polynesien	French Polynesia	Polinesia Francesa	Polinesia francese	Polinésia Francesa	Polynésie française
PG	PNG	Independent State of Papua New Guinea	Papoea-Nieuw-Guinea	Papouasie-Nouvelle-Guinée	Papua New Guinea	Papua Nuova Guinea	Papua-Neuguinea	Papua-Nova Guiné	Papúa Nueva Guinea
PH	PHL	Filipijnen	Filipinas	Filippine	Philippinen	Philippines	Republic of the Philippines
PK	PAK	Islamic Republic of Pakistan	Pakistan	Pakistán	Paquistão
PL	POL	Poland	Polen	Pologne	Polonia	Polónia	Republic of Poland
PM	SPM	Saint Pierre and Miquelon	Saint-Pierre e Miquelon	Saint-Pierre en Miquelon	Saint-Pierre und Miquelon	Saint-Pierre-et-Miquelon	San Pedro y Miquelón	St. Pierre and Miquelon
PN	PCN	Iles Pitcairn	Ilhas Pitcairn	Islas Pitcairn	Isole Pitcairn	Pitcairn Is.	Pitcairn Islands	Pitcairn, Henderson, Ducie and Oeno Islands	Pitcairneilanden	Pitcairninseln
PR	PRI	Commonwealth of Puerto Rico	Porto Rico	Puerto Rico
PS	PSE	Palestina	Palestine	Palästina	West Bank and Gaza
PT	PRT	Portogallo	Portugal	Portuguese Republic
PW	PLW	Palaos	Palau	Republic of Palau
PY	PRY	Paraguai	Paraguay	Republic of Paraguay
QA	QAT	Catar	Katar	Qatar	State of Qatar
RO	ROU	Roemenië	Romania	Roménia	Roumanie	Rumania	Rumänien
RS	SRB	Republic of Serbia	Serbia	Serbie	Serbien	Servië	Sérvia
RU	RUS	Rusia	Rusland	Russia	Russian Federation	Russie	Russland	Rússia
RW	RWA	Republic of Rwanda	Ruanda	Rwanda
SA	SAU	Arabia Saudita	Arabie saoudite	Arábia Saudita	Kingdom of Saudi Arabia	Saoedi-Arabië	Saudi Arabia	Saudi-Arabien
SB	SLB	Ilhas Salomão	Islas Salomón	Isole Salomone	Salomonen	Salomonseilanden	Solomon Is.	Solomon Islands	Îles Salomon
SC	SYC	Republic of Seychelles	Seychellen	Seychelles
SD	SDN	Republic of the Sudan	Soedan	Soudan	Sudan	Sudán	Sudão
SE	SWE	Kingdom of Sweden	Schweden	Suecia	Suède	Suécia	Svezia	Sweden	Zweden
SG	SGP	Republic of Singapore	Singapore	Singapour	Singapur	Singapura
SH	SHN	Isla Santa Elena	Saint Helena	Sainte-Hélène	Sant'Elena	Santa Helena	Sint-Helena	St. Helena
SI	SVN	Eslovenia	Eslovénia	Republic of Slovenia	Slovenia	Slovenië	Slovénie	Slowenien
SK	SVK	Eslovaquia	Eslováquia	Slovacchia	Slovak Republic	Slovakia	Slovaquie	Slowakei	Slowakije
SL	SLE	Republic of Sierra Leone	Serra Leoa	Sierra Leona	Sierra Leone
SM	SMR	Republic of San Marino	Saint-Marin	San Marino
SN	SEN	Republic of Senegal	Senegal	Sénégal
SO	SOM	Federal Republic of Somalia	Somalia	Somalie	Somalië	Somália
SR	SUR	Republic of Suriname	Surinam	Suriname
SS	SSD	Republic of South Sudan	S. Sudan	Soudan du Sud	South Sudan	Sudan del Sud	Sudán del Sur	Sudão do Sul	Südsudan	Zuid-Soedan
ST	STP	Democratic Republic of São Tomé and Principe	Santo Tomé y Príncipe	Sao Tome and Principe	Sao Tomé en Principe	Sao Tomé-et-Principe	São Tomé and Principe	São Tomé and Príncipe	São Tomé e Príncipe	São Tomé und Príncipe
SV	SLV	El Salvador	Republic of El Salvador	Salvador
SX	SXM	Saint-Martin	San Martín	Sint Maarten	Sint Maarten (Dutch part)	São Martinho
SY	SYR	Siria	Syria	Syrian Arab Republic	Syrie	Syrien	Syrië	Síria
SZ	SWZ	Essuatíni	Eswatini	Kingdom of eSwatini	Suazilandia	Swaziland	eSwatini
TC	TCA	Islas Turcas y Caicos	Turks and Caicos Is.	Turks and Caicos Islands	Turks e Caicos	Turks- en Caicoseilanden	Turks- und Caicosinseln	îles Turques-et-Caïques
TD	TCD	Chad	Chade	Ciad	Republic of Chad	Tchad	Tschad	Tsjaad
TF	ATF	Fr. S. Antarctic Lands	Fr. S. and Antarctic Lands	Franse Zuidelijke Gebieden	Französische Süd- und Antarktisgebiete	French Southern and Antarctic Lands	Terras Austrais e Antárticas Francesas	Terre australi e antartiche francesi	Terres australes et antarctiques françaises	Territory of the French Southern and Antarctic Lands	Tierras Australes y Antárticas Francesas
TG	TGO	République Togolaise	Togo	Togolese Republic
TH	THA	Kingdom of Thailand	Tailandia	Tailândia	Thailand	Thailandia	Thaïlande
TJ	TJK	Republic of Tajikistan	Tadjikistan	Tadschikistan	Tadzjikistan	Tagikistan	Tajikistan	Tajiquistão	Tayikistán
TL	TLS	Democratic Republic of Timor-Leste	East Timor	Oost-Timor	Osttimor	Timor Est	Timor Oriental	Timor oriental	Timor-Leste
TM	TKM	Turkmenistan	Turkmenistán	Turkménistan	Turquemenistão
TN	TUN	Republic of Tunisia	Tunesien	Tunesië	Tunisia	Tunisie	Tunísia	Túnez
TO	TON	Kingdom of Tonga	Tonga
TR	TUR	Republic of Turkey	Turchia	Turkey	Turkije	Turkiye	Turquia	Turquie	Turquía	Türkei	Türkiye
TT	TTO	Republic of Trinidad and Tobago	Trinidad and Tobago	Trinidad e Tobago	Trinidad en Tobago	Trinidad und Tobago	Trinidad y Tobago	Trinité-et-Tobago
TV	TUV	Tuvalu
TW	TWN	Republik China	República de China	Taiwan	Taïwan
TZ	TZA	Tansania	Tanzania	Tanzanie	Tanzânia	United Republic of Tanzania
UA	UKR	Oekraïne	Ucraina	Ucrania	Ucrânia	Ukraine
UG	UGA	Oeganda	Ouganda	Republic of Uganda	Uganda
UM	UMI	Ilhas Menores Distantes dos Estados Unidos	Islas ultramarinas de Estados Unidos	Isole minori esterne degli Stati Uniti d'America	Kleine afgelegen eilanden van de Verenigde Staten	U.S. Minor Outlying Is.	United States Minor Outlying Islands	Îles mineures éloignées des États-Unis
US	USA	America	Estados Unidos	Stati Uniti d'America	U.S.	U.S.A.	United States	United States of America	Vereinigte Staaten	Verenigde Staten van Amerika	États-Unis
UY	URY	Oriental Republic of Uruguay	Uruguai	Uruguay
UZ	UZB	Oezbekistan	Ouzbékistan	Republic of Uzbekistan	Usbekistan	Uzbekistan	Uzbekistán	Uzbequistão
VA	VAT	Città del Vaticano	Cité du Vatican	Ciudad del Vaticano	Holy See	State of the Vatican City	Vaticaanstad	Vatican	Vatican City	Vaticano	Vatikanstadt
VC	VCT	Saint Vincent and the Grenadines	Saint Vincent e Grenadine	Saint Vincent en de Grenadines	Saint-Vincent-et-les-Grenadines	San Vicente y las Granadinas	St. Vin. and Gren.	St. Vincent und die Grenadinen	São Vicente e Granadinas
VE	VEN	Bolivarian Republic of Venezuela	República Bolivariana de Venezuela	Venezuela
VG	VGB	Britische Jungferninseln	British Virgin Is.	British Virgin Islands	Britse Maagdeneilanden	Ilhas Virgens Britânicas	Islas Vírgenes Británicas	Isole Vergini britanniche	îles Vierges britanniques
VI	VIR	Amerikaanse Maagdeneilanden	Amerikanische Jungferninseln	Ilhas Virgens Americanas	Islas Vírgenes de los Estados Unidos	Isole Vergini americane	U.S. Virgin Is.	United States Virgin Islands	Virgin Islands of the United States	îles Vierges des États-Unis
VN	VNM	Socialist Republic of Vietnam	Vietnam	Vietname	Viêt Nam
VU	VUT	Republic of Vanuatu	Vanuatu
WF	WLF	Wallis and Futuna	Wallis and Futuna Is.	Wallis and Futuna Islands	Wallis e Futuna	Wallis en Futuna	Wallis und Futuna	Wallis y Futuna	Wallis-et-Futuna
WS	WSM	Independent State of Samoa	Samoa
XK		Kosovo	Republic of Kosovo
YE	YEM	Iémen	Jemen	Republic of Yemen	Yemen	Yémen
ZA	ZAF	Afrique du Sud	Republic of South Africa	South Africa	Sudafrica	Sudáfrica	Südafrika	Zuid-Afrika	África do Sul
ZM	ZMB	Republic of Zambia	Sambia	Zambia	Zambie	Zâmbia
ZW	ZWE	Republic of Zimbabwe	Simbabwe	Zimbabue	Zimbabwe	Zimbábue
